driver,percentage
Zero Income,78.00589068562451
Overspending,0.001446107048388628
Low Savings,78.00738394833752
High Transfers,8.376307862358273
